-- phpMyAdmin SQL Dump
-- version 4.9.2
-- https://www.phpmyadmin.net/
--
-- Host: 127.0.0.1:3308
-- Generation Time: Mar 02, 2021 at 07:03 PM
-- Server version: 8.0.18
-- PHP Version: 7.4.0

SET SQL_MODE = "NO_AUTO_VALUE_ON_ZERO";
SET AUTOCOMMIT = 0;
START TRANSACTION;
SET time_zone = "+00:00";


/*!40101 SET @OLD_CHARACTER_SET_CLIENT=@@CHARACTER_SET_CLIENT */;
/*!40101 SET @OLD_CHARACTER_SET_RESULTS=@@CHARACTER_SET_RESULTS */;
/*!40101 SET @OLD_COLLATION_CONNECTION=@@COLLATION_CONNECTION */;
/*!40101 SET NAMES utf8mb4 */;

--
-- Database: `farizadb`
--

-- --------------------------------------------------------

--
-- Table structure for table `fadb_admin`
--

DROP TABLE IF EXISTS `fadb_admin`;
CREATE TABLE IF NOT EXISTS `fadb_admin` (
  `idadm` int(11) NOT NULL AUTO_INCREMENT,
  `fullname` varchar(100) CHARACTER SET utf8 COLLATE utf8_general_ci NOT NULL,
  `email` varchar(100) NOT NULL,
  `password` varchar(255) NOT NULL,
  PRIMARY KEY (`idadm`)
) ENGINE=InnoDB AUTO_INCREMENT=22 DEFAULT CHARSET=utf8;

--
-- Dumping data for table `fadb_admin`
--

INSERT INTO `fadb_admin` (`idadm`, `fullname`, `email`, `password`) VALUES
(1, 'bilal', 'bilal.m.saed@gmail.com', '123'),
(7, 'ahmad', 'ahmmad@gmail.com', '123');

-- --------------------------------------------------------

--
-- Table structure for table `fadb_article`
--

DROP TABLE IF EXISTS `fadb_article`;
CREATE TABLE IF NOT EXISTS `fadb_article` (
  `id_article` int(11) NOT NULL AUTO_INCREMENT,
  `title` varchar(1000) NOT NULL,
  `content` text NOT NULL,
  `article_image` varchar(50) CHARACTER SET utf8 COLLATE utf8_general_ci NOT NULL,
  `id_author_fk` int(11) NOT NULL,
  PRIMARY KEY (`id_article`),
  KEY `id_author_fk` (`id_author_fk`)
) ENGINE=InnoDB AUTO_INCREMENT=17 DEFAULT CHARSET=utf8;

--
-- Dumping data for table `fadb_article`
--

INSERT INTO `fadb_article` (`id_article`, `title`, `content`, `article_image`, `id_author_fk`) VALUES
(8, 'سه‌ره‌تایه‌ك بۆ ReactJs', 'له‌م وانه‌یه‌دا باسی سه‌ره‌تایه‌كی ReactJs ده‌كه‌ین و بیرۆكه‌ بنه‌ڕه‌تیه‌كان شیده‌كه‌ینه‌وه‌ ئه‌مه‌ به‌شێك ده‌بێت له‌ چه‌ند فێركاریه‌ك كه‌ له‌ داهاتوو دایده‌نێین و وانه‌ی دوای ئه‌وه‌ باسی ئه‌وه‌ ده‌كات كه‌ چۆن بتوانین پرۆژه‌كه‌مان بڵاوبكه‌ینه‌وه‌ و هه‌ندێك پرۆژه‌كه‌ رێكتر بكه‌ین به‌وه‌ی كه‌ له‌گه‌ڵ Rest API یه‌ك كاربكات', '2021-02-24-230220.jpg', 1),
(9, 'پاراستنی زانیاریەکان – Information Security', 'پاراستنی زانیاریەکان چیە؟\r\n\r\nپاراستنی زیانیاریەکان (Information Security) وەکو دیارە هەر وەک ناوەکەی بەخۆوەیەتی بریتیە لە شێوازی پاراستن و هەڵگرتن و گواستنەوەی ئەو زانیاریانەی کە هەیە؛ جا چ جای ئەڵوگۆڕی پێبکرێت لە نێوان دوو وەرگرو نێردەر، یاخود بە شێوازی هەڵگرتنی داتاکان لە ناوەندێکدا. هەڵبەتە ئێمە لێرەدا مەباستمان زانیاریە دیجیتاڵیەکانە کە بە کۆمپیوتەری کراون یاخود لە ناوەندێکی فیزیکیدا گۆڕاون بۆ لۆژیکی، بۆ نمونە کاتێک تۆ وێنەیەک دەگریت وێنەکە هەڵگری زانیاری تایبەت بە ڕەنگ و بەهێزی ڕەنگەکان دەردەخات (فۆتۆن) لە ناوەندێکی لۆژیکی (کە بریتیە لە فلاش یاخود پەپکەی موگناتیسی “HDD” ناو کۆمپیوتەرکان) کە بە شێوازی پەڕگە هەڵدەگیرێن لەسەر بچینەی کۆدی سفر لەگەڵ یەکدا.\r\n\r\nپاراستنی زانیاریەکان ئامانجی پاراستن و شاردنەوەی ئەو زانیاریە دیجیتاڵیانەیە وە هەروەها پاراستنیانە لە دەستی دەرەکی لە گۆڕانکاری کردن تێیدا و یاخود بینیان. بەمەش بۆ دوورکەوتنەوە لە مەترسی دزەپێکردنیان و لەناوچونیان. هەڵبەت لە دنیای تەکنەلۆژی ئێستادا داتا -زانیاری- بەیەکێک لە سامانەکان (Asset) هەژمار دەکرێن بەتایبەت بۆ بۆ ناوەندەکانی سیخوڕی، دەزگا ئاسایشیەکانی جیهان، هەروەها کۆمپانیاکانی گواستنەوە (Telecommunication) و کۆمپانیاکانی دایبینکردنی تۆڕە کۆمەڵایەتیەکان و نامەگەیەنێرەکان وەکو (WhatsApp, Viber, Messenger، و چەندانی دی). بۆیە پاراستنی ئەو زانیاریانە وەکو پاراستنی سامانی تایبەت بەو رێکخراو و کۆمپانیایانە وایە. بەمەش ساڵانە بودجەیەکی زەبەڵاحی تێدا سەرفدەکرێت و چەندان شەریکەش هەڵدەستن بە وەبەرهێنان لەم کەرتەدا.', '2021-02-24-2302201.jpg', 1),
(10, 'ىجینەکانی پاراستنی زانیاریەکان چین؟', 'پاراستنی زانیارکان هەروەک باسمان کرد بە یەکێک لە بابەتە گرنگەکانی لایەنی تەکنەلۆژی دادەنرێت، بە گشتیش بنچینەی سەرەکی پاراستنی زانیاریەکان دابەش دەکرێت بەسەر سێ بچینەدا کە ئەوانیش بە “CIA” کورت کراوەتەوە کە بریتیە لە بەنهێنی مانەوە “confidentiality” وە پاکی “Integrity” وە بەردەستی بوون “Availability” کە لەگەڵ دەستەبەرکردنی ئەم سێ بنچیەیە و بەهێزکردنیان دەتوانیت خۆت لە مەترسی دزە پێکردن و لەناوچوونی داتاکانت خۆت بپارێزیت.\r\n\r\n    بەنهێنی مانەوە: بریتیە لەو کردارەی کە بەسەر زانیاریەکاندا دێت بەمەبەستی پاراستنیان لە خوێندنەوە تێگەیشتن لێیان. بۆ نمونە؛ گریمان تۆ نامەیەکت لەسەر پارچە کاغەزێک نووسیووە، لە کاتی ناردنیدا بە پۆستە چیەک دەتەوێت دڵنیابیت کە ئەم نامەیە دەست هەرکەسێکی دی بکەوێت نەتوانێت بیخوێنێتەوە جگە لە کەسی مەبەست، بەم جۆرە دەیخەیتە ناو سندوقێکەوە کە تەنها کلیلەکەی لەلای خۆت وە کەسی مەبەست هەیە بەم جۆرەش ئەو پۆستەچیەی بۆت دەبات ناتوانێت ئەوە ببینێت کە لەناو سندوقەکەدا هەیە.\r\n    پاکی: کار لەسەر ماناوەی زانیاریەکان دەکات و دڵنیابوونەوە لەوەی کە هیچ گۆڕانکاریەکیان بەسەردا نەهاتووە. نمونە؛ هەمان نمونەی پێشوو گریمان سندوقەکەت نارد بەڵام بە جۆرێک لە جۆرەکان سندوقەکە شکێنراو نامەی ناو سندوقەکە گۆردرا بۆ نامەیەکی دی ئەوکاتە کەسی مەبەست چۆن بتوانێت کە دڵنیابێت تۆ نامەکەت بۆ ناردووە؟ بەو جۆرە تۆش مۆرێک دەدەیت لەسەر پەڕەکە کە کەسی مەبەست بینی دەزانێت ئەو نامەیە تایبەتە بە تۆ، وە تۆ بۆت ناردووە.\r\n    بەردەستبوون: کار لەسەر بەردەستبوونی زانیاریەکان دەکات بەبێ هاتنە پێشەوەی هیچ بەربەستێک. نمونە، تۆ هەستاوەیت بە کۆکردنەوەی چەند نامەیەک لە ژوورەکەی تەنیشتت تا چەند دەتوانیت لەوە دڵنیابیت کە هەمیشە و هەرکاتێک کە ویستت ئەو نامەنە ببینیت کە لە ژورەکەدان بەبێ ئەوەی کەسێکی تر ژورەکەت لێ دابخات.\r\n', '2021-02-24-230249.jpg', 1),
(11, 'مێژووی سەرهەڵدانی پاراستنی زانیاریەکان؟', 'مێژووی سەرهەڵدانی ئەم جۆرە لە زانسنت دەگەڕێتەوە بۆ ئەوکاتەی مرۆڤ پێویستی بە پاراستنی ناوەڕۆکی ئەو نامەن بوو کە دەینارد بۆ کەس و لایەنی بەرامبەر، کە یەکەم جار لەسەر دەستی جولیۆ سیزار کە دەگەڕێتەوە بۆ ٥٠ ساڵ پێش زاین هەڵدەستا بە تێکدانی نوسینەکەو مۆرکردنی بۆ ئەوەی کەسی گەیەنەر نەتوانێت لە ناوەڕۆکی نامەکە بگات کە دوای ئەمە بوو بە یەکێک لە ئەلگۆریتمەکانی بەنهینی مانەوە (نهێنەپەرڵە) کە بە سیزار ناسراوە. پاشانیش بەکارهینانی ئامێری ئینیگما (Enigma) کە لەلایەن سوپای نازی ئەڵمانی بەکار دەهێنرا بۆ شاردنەوەی ئەو نامە تێلیگرافانەی کە دەیانارد بۆ بەرەکانی جەنگ هەرچەندە دوای لەلایەن باوکی کۆمپیوتەری مۆدێرن ئالان تیورین (Alan Turing) ـەوە شکێندرا کە ئەوەش بوە هۆی دۆڕاندنی ئەڵمانیا لە جەنگی جیهانی دووەم و سەرکەوتنی هێزە هاوپەیمانەکانی ئەوکات.\r\n\r\nلە ئێستادا زۆربەی کۆمپانیاکانی بواری گواستنەوە و گەیاند هەروەها کۆمپانیاکانی تایبەت بە نامەنێردەر بەکاردێت، ئەمە جگە لەوەی تۆ کە ئەم بابەتە دەخوێنیتەوە بە هەمان پرۆسەدا ڕۆیشتووە هەتاوەکو گەیشتۆتە دەستت ئەمەش، بەمەش هەرکەسێک هەستابێت بە گوێڕاگری (Sniffing) ی زانیاریە هاتو ڕۆیشتووەکانی ناو هێڵەکەت ئەوا ناتوانێت بزانێت کە تۆ چیت خوێندۆتەوە و چیت ناردووە. کە لە زنجیرەکانی داهاتوودا زانیاری زیاتر دەخینە بەر خوێنەرەکان.', '2021-02-24-230217.jpg', 1),
(12, 'شەکرۆکە چییە؟', 'شەکرۆکە (بە ئینگلیزی Cookies یان HTTP Cookies) پەڕگەیەکی زۆر سادەیە ماڵپەڕەکان بەکاریدەهێنن بۆ ئەوەی بزانن بەکارهێنەر پێشتر سەردانی ماڵپەڕەکەی کردووە یاخود نا، ئەگەر سەردانی کردبوو ئەوا بەپێی کەسەکە ماڵپەڕەکە خۆی ڕێکدەخاتەوە.', '2021-02-24-230216.jpg', 1),
(13, 'بۆچی شەکرۆکە بەکاردەهێندرێ؟', 'بۆ گەڕان بەناو وێبدا، پڕۆتۆکۆڵی HTTP یان HTTPS بەکاردەهێندرێ. یەک لە تایبەتمەندییەکان ئەو پڕۆتۆکۆڵە ئەوەیە کە بێ دۆخە (Stateless). ئەوەش مانای ئەوەیە کە ڕاژەکە هیچ زانیارییەک لای خۆی پاشەکەوت ناکات. بۆ نموونە ئەگەر تۆ پەڕگەیەکی وێب بکەیتەوە (بۆ نموونە پەڕگەیەکی HTML) کە دوو وێنەی تێدابێت، وێبگەڕەکە دەبێت سێ (دانەیەکیان بۆ خودی پەڕگەی ئێچ تی ئێم ئێڵەکەیە) داواکاری بنێرێت و بەمەش سێ پەیوەندیی جیاواز و سەربەخۆ دەکرێنەوە و سێ پەڕگە دەگوازرێنەوە و دواتریش سێ پەیوەندییەکە دادەخرێنەوە.\r\n\r\nئەوە وەک ئەوەیە هەر جارەی بتەوێ شتێک لە فرۆشگایەک بکڕیت پێویست بکات بچیتە ناو فرۆشگایەکە، خۆت بە خاوەن فرۆشگایەکە بناسێنی، شتەکە بکڕی و بێیتە دەرەوە. لەبەر ئەوەی هەر کە پارەکەتدا، خاوەن فرۆشگا هەموو زانیارییەکانی سەبارەت بە تۆی لەبیر دەچێتەوە. واتە ناتوانی چەند شتێک بەیەکجار بکڕیت. بیهێنە بەرچاوت ئەگەر بتەوێ کەلوپەلی جەژن بکڕیت. دەبێ چەندین جار بچیتە هەمان فرۆشگا و بێیتە دەرەوە.\r\n\r\nئەوەش کێشەیەکی گەورە درووست دەکات بۆ ئەو ماڵپەڕانەی کە دەیانەوێ بۆ هەر سەردانکەرێک کۆمەڵە زانیارییەکی جیاواز نیشان بدەن. بۆ نموونە ماڵپەڕێکی هەواڵ لەوانەیە بیەوێت ئەو هەواڵانە بە بەکارهێنەرانی نیشان بدات کە حەزی پێدەکەن یان لایان گرینگە. بۆ چارەسەکردنی ئەو کێشەیەش شەکرۆکە داهێندرا.', '2021-02-24-230241.jpg', 1),
(14, 'چۆن ماڵپەڕەکان شەکرۆکە بەکاردەهێنن؟', 'ماڵپەڕەکان زانیارییەکان بە شێوەی name-value pair لەناو شەکرۆکەدا پاشەکەوت دەکەن. واتە هەر زانیارییەک کە ماڵپەڕەکە بیەوێ تۆماری بکات، ناوەکەی دەنوسێت و لە تەنیشتیشی بەهایەکەی دەنووسێت. بۆ نموونە:\r\n\r\nLanguage: Kurdish\r\nColor: Green\r\n\r\nوێبگەڕەکە لەگەڵ هەر داواکارییەک، ئەو شەکرۆکەیەش بۆ ماڵپەڕەکە دەنێرێت کە تایبەتە بە ماڵپەڕەکە. بەمەش ماڵپەڕەکە دەتوانێت هەموو زانیارییەکان وەرگرێتەوە و بە پێی ئەو زانیارییانە بابەتی جیاواز نیشانی بەکارهێنەرەکە بدات. بۆ نموونە ئەگەر لە ماڵپەڕێک کوردی وەک زمانی خۆت هەڵبژێری، هەر چەند جار ئەو ماڵپەڕە بکەیتەوە، هەموو زانیارییەکان بە کوردی نیشان دەدرێن. وە هەر شەکرۆکەشە ڕێگە بە بوونی تایبەتمەندی Shopping Cart لە ماڵپەڕەکان دەدات.\r\n\r\nبەهۆی ئەوەی تا دێت ماڵپەڕەکان زیرەکتر و بەهێزتر دەبن، بۆیە پێویستیش دەکات زانیاری زۆتر دەربارەی بەکارهێنەرانیان بزانن بۆ ئەوەی باشتر خزمەتیان بکەن. بەڵام زۆربەی وێبگەڕەکان ناهێڵن شەکرۆکە لە چوار کیلۆبایت گەورەتربێت. ئەوەش کێشە بۆ هەندێک ماڵپەڕ درووست دەکات. بۆ چارەسەرکردنی ئەو کێشەیەش لە ئێستادا زۆربەی ماڵپەڕەکان هەموو زانیارییەکانی بەکارهێنەرەکە لەناو بنکەی دراوەی خۆیان هەڵدەگرن و دەیبەستنەوە بە ID یەک کە تایبەتە بە بەکارهێنەرەکە. وە تەنها ئەو ID یە لە ناو شەکرۆکە هەڵدەگرن. بۆ نموونە:\r\n\r\nUserID: 2A3623FF6\r\n\r\nتێبینی: ئەگەر سەیری ناوەوەی شەکرۆکەکان بکەی دەبینی هەندێک زانیاری دیکەشی تێدایە، ئەو زانیارییانە بۆ ئەوەن وێبگەڕەکە بزانێت کام شەکرۆکە هی کام ماڵپەڕە و کەی شەکرۆکە بەسەردەچێت.\r\n\r\nدوای وەرگرتنی شەکرۆکەکە، ماڵپەڕەکە IDی بەکارهێنەرەکە لەناو شەکرۆکەکە دەخوێنێتەوە و هەموو ئەو زانیارییانە لە بنکەی دراوە وەردەگرێت کە بەو IDیەوە بەستراوەنەتەوە و بەپێی ئەو زانیارییانە خۆی ڕێکدەخاتەوە.', '2021-02-24-230214.png', 1),
(15, 'لایەنی خراپی بەکارهێنانی شەکرۆکە', 'وەک لەسەرەوە باسمان کرد شەکرۆکە پەڕگەیەکی سادەیە (هەندێک وێبگەڕ، بۆ نموونە فایەرفۆکس و کڕۆم هەموو شەکرۆکەکان لە ناو یەک پەڕگە هەڵدەگرن). وە هەر ماڵپەڕەی تەنها دەتوانێ ئەو شەکرۆکەیە وەربگرێت و دەستکاری بکات کە تایبەتە بەخۆی.\r\n\r\nبەڵام هەندێک خزمەت گوزاری هەن کە تایبەتن بە ڕێکلام کردن. ئەو خزمەت گوزارییانە پارە دەدەنە ماڵپەڕەکان لەبەرامبەر ئەوەی ڕێکلامەکانیان لەسەر ماڵپەڕەکانیان دابنێن بە شێوەی وێنە یان پەڕگەی فلاش یانیش هەر وێب پەیجێکی بچووک. وە هەر یەک لەو ڕێکلامانە بۆی هەیە شەکرۆکەی تایبەت بەخۆی پاشەکەوت بکات و وەربگرێتەوە. هەر یەک لە خزمەتگوزارییانەش ڕێکلام لەسەر هەزاران ماڵپەڕ بڵاودەکەنەوە.\r\nڕێکلامەکانیش دەتوانن شەکرۆکەی تایبەت بە خۆیان لەسەر ئامێری بەکارهێنەر هەڵبگرن و دواتر وەریبگرنەوە.\r\n\r\nئەو کۆمپانیایانە IDیەک بۆ هەموو کەسێک لەسەر ئینتەرنێت دادەنێن و لەناو شەکرۆکە پاشەکەوتی دەکەن. کێشەکە لەوەوە دەستپێدەکات کاتێک ئەو کۆمپانیایانە دەست دەکەن بە کۆکردنەوەی چالاکییەکانی کەسەکان؛ سەردانی چ ماڵپەڕێک دەکات، چ شتێک لەسەر ئینتەرنێت دەکڕێت، چ جۆرە وتارێک دەخوێنێتەوە و هتد. بەوەش دەتوانن ڕێکلامی جیاواز نیشان بدەن بەپێی حەز و ئارەزووی کەسەکە، بۆ نموونە ئەگەر کەسێک حەزی لە تەکنەلۆژیا بێت، ڕێکلامی کڕینی لاپتۆپ یان مۆبایلی پێ نیشان دەدەن یان ئەگەر کەسێک حەزی لە چێشتلێنان بێت، ڕێکلامی ماڵپەڕێکی نیشان دەدەن کە تایبەتە بە زانیاری سەبارەت بە چێشتلێنان.\r\n\r\nئەوەی جێگای سەرنجیش بێت ئەوەیە کە ماڵپەڕەکان زۆر زانیاری دیکەی بەکارهێنەران بەکار دەهێنن بۆ نیشاندانی ڕێکلامێک کە زۆرترین ئەگەری هەیە بەکارهێنەرەکە کرتەی لەسەر بکات. بۆ نموونە جیمەیڵ ناوەڕۆکی ئیمەیڵەکان دەخوێنێتەوە بۆ ئەوەی بەپێی بابەتی ئیمەیڵەکە ڕێکلام نیشان بدات. وە فەیسبووکیش ڕێگای خۆی هەیە بۆ نیشاندانی گونجاوترین ڕێکلام، بۆ نموونە تەمەن و ڕەگەزی بەکارهێنەر، کام پەیجی ڵایک کردووە، و حەزی لە چ جۆرە پۆستێکە و هتد.\r\n\r\nبۆ ئەوەی زانیارییەکانیان دەوڵەمەندتر بکەن و بتوانن هەموو کات چاودێری کەسەکان بکەن لەسەر ئینتەرنێت، ئەو جۆرە کۆمپانیایانە تۆڕێکی ئاڵوگۆڕی زانیاری درووست دەکەن و زانیاری کەسەکان دەفرۆشنەوە یەکتر. ئەوەش دەکرێ جێگای نیگەرانی بێت، لەبەر ئەوەی ئێستا ئەو کۆمپانیایانە زانیاری زۆر زۆر دەربارەی بەکارهێنەران دەزانن، بەڕادەیەک کە دەکرێ بە سیخوڕی دابندرێت. هەر لەبەر ئەو نیگەرانییانەش لە بارەی تایبتەمەندێتی بەکارهێنەرانەوە لە گوڵانی٢٠١١ یەکیەتی ئەورووپا یاسایەکی دەرکرد کە تێیدا ماڵپەڕەکان ناچاکران کە ڕەزامەندی بەکارهێنەران وەربگرن پێش پاشەکەوتکردن و وەرگرتنی هەر شەکرۆکەیەک. لە ئێستادا زۆر لە ماڵپەڕەکان لە کاتی سەردانکردنیان پەیامێک نیشان دەدەن و تێیدا بە بەکارهێنەرەکە دەڵێن کە ئەو ماڵپەڕە شەکرۆکە بەکاردەهێنێت.\r\n\r\nبەڵام مەرجیش نییە هەر ماڵپەڕێک شەکرۆکە بەکاربهێنێت نیازی خراپی هەبێت، وەک باسمان کرد زۆربەی ماڵپەڕەکان بۆ باشتر خزمەتکردنی بەکارهێنەرانیان سوود لە شەکرۆکە وەردەگرن. وە زانیاری نێو شەکرۆکەش تاکە شت نییە کە وێبسایتەکان دەکرێ بیفرۆشن لەبەرانبەر بەدەستهێنانی پارە یاخود زانیاری. هەندێک لە وێبسایتەکان ناونیشانی ئیمەیڵ و ناو و چەندین زانیاریی کەسیی دیکەی بەکارهێنەرانیان دەفرۆشنەوە سپامەرەکان، کە کەسانێکن ئیمەیڵی ڕێکلام، کیناوی یاخود بێزارکەر بۆ ملیۆنان کەس دەنێرن.', '2021-02-24-230202.jpg', 1),
(16, 'باسێکی بنکەدراوەی sqlite', 'سەرەتا\r\n\r\nداتابەیسی sqlite وەک لە ماڵپەری سەرەکیان نوسراوە بریتیە لە لایبرەریەکی زمانی C کە هەموو فیچەر(تایبەتمەندیەکان)ی ئینجنێکی داتابەیسی SQL تێدایە، بە مانایەکی سادە بنکەدراوەیەکی تەواوی جێی متمانەو تەواوە کە لەسەر زۆربەی ئامێرەکانی کۆمپیتەر کاردەکات sqlite بەربڵاوترین جۆری داتابەیسە لە جیهان فۆرماتی فایلەکەی جێگیرە و بە نوێبونەوەی ڤێرشنی sqlite داتابەیسەکەت تێکناچێت و هەر کاردەکات کەواتە هیچ خەمی ئەوەمان نابێت کە نوێکردنەوەی sqlite لەوانەیە داتابەیسەکەمان تێکبدات یان کار نەکات ئەو باسانە لەوانەیە سەیر بن بۆ ئەوانەی نوێن و بەکاریان نەهێناوە بە سادەیی داتابەیسی sqlite تەنها یەک فایلە بە پاشگری .sqlite تەنانەت ئەوەشی پێویست نیە لەسەر کۆمپیتەرەکەت فایلێکی بەتاڵ دروست بکە ئەوە داتابەیسێکی sqlite ت دروست کرد بەو سادەییە ئەوەی جیاوازە کۆدی بەرێوەبردنی sqlite وەکو لایبرەری بەکاردەبەیت لەناو پرۆگرامەکەت هەوەک چۆن کۆنێکتی هەر بنکەدراوەیەکی دی دەبی لە رێی کۆدێکەوە ئەوەش بە هەمان شێوەیە بەڵام تاکە جیاوازی ئەوەیە لە ژێرەوە ئەو کۆدەی بەکاری دەهێنیت DBMS ەکەتە.', '2021-02-25-210218.png', 2);

-- --------------------------------------------------------

--
-- Table structure for table `fadb_article_cate`
--

DROP TABLE IF EXISTS `fadb_article_cate`;
CREATE TABLE IF NOT EXISTS `fadb_article_cate` (
  `id_art_cate` int(11) NOT NULL AUTO_INCREMENT,
  `idcate_fk` int(11) NOT NULL,
  `id_article_fk` int(11) NOT NULL,
  PRIMARY KEY (`id_art_cate`),
  KEY `id_article_fk` (`id_article_fk`)
) ENGINE=InnoDB AUTO_INCREMENT=15 DEFAULT CHARSET=utf8;

--
-- Dumping data for table `fadb_article_cate`
--

INSERT INTO `fadb_article_cate` (`id_art_cate`, `idcate_fk`, `id_article_fk`) VALUES
(6, 1, 8),
(7, 1, 9),
(8, 1, 10),
(9, 1, 11),
(10, 1, 12),
(11, 1, 13),
(12, 1, 14),
(13, 1, 15),
(14, 1, 16);

-- --------------------------------------------------------

--
-- Table structure for table `fadb_author`
--

DROP TABLE IF EXISTS `fadb_author`;
CREATE TABLE IF NOT EXISTS `fadb_author` (
  `id_author` int(11) NOT NULL AUTO_INCREMENT,
  `fullname` varchar(50) CHARACTER SET utf8 COLLATE utf8_general_ci NOT NULL,
  `email` varchar(100) NOT NULL,
  `password` varchar(255) NOT NULL,
  `image` varchar(50) NOT NULL,
  PRIMARY KEY (`id_author`)
) ENGINE=InnoDB AUTO_INCREMENT=5 DEFAULT CHARSET=utf8;

--
-- Dumping data for table `fadb_author`
--

INSERT INTO `fadb_author` (`id_author`, `fullname`, `email`, `password`, `image`) VALUES
(1, 'بیلال محمد', 'bilal.m.saed@gmail.com', '123', 'login.png'),
(2, 'هیوا عزیز', 'hiwaaziz@gmail.com', '123', ''),
(3, 'کۆڕەک عثمان', 'korekosman@gmail.com', '123', ''),
(4, 'احمد عاصى', 'ahmadasi@gmail.com', '123', '');

-- --------------------------------------------------------

--
-- Table structure for table `fadb_category`
--

DROP TABLE IF EXISTS `fadb_category`;
CREATE TABLE IF NOT EXISTS `fadb_category` (
  `idcate` int(11) NOT NULL AUTO_INCREMENT,
  `category_name` varchar(100) NOT NULL,
  PRIMARY KEY (`idcate`)
) ENGINE=InnoDB AUTO_INCREMENT=9 DEFAULT CHARSET=utf8;

--
-- Dumping data for table `fadb_category`
--

INSERT INTO `fadb_category` (`idcate`, `category_name`) VALUES
(1, 'تەکنەلۆجیا'),
(2, 'سیاسی'),
(4, 'ئابورى'),
(5, 'گەشەپێدانى مرۆیی'),
(6, 'هونەرى'),
(7, 'ئاینی'),
(8, 'مێژویی');

-- --------------------------------------------------------

--
-- Table structure for table `fadb_follow_author`
--

DROP TABLE IF EXISTS `fadb_follow_author`;
CREATE TABLE IF NOT EXISTS `fadb_follow_author` (
  `id_fa` int(11) NOT NULL AUTO_INCREMENT,
  `id_author_fk` int(11) NOT NULL,
  `id_author_f_fk` int(11) NOT NULL,
  PRIMARY KEY (`id_fa`),
  KEY `id_author_fk` (`id_author_fk`),
  KEY `id_author_f_fk` (`id_author_f_fk`)
) ENGINE=InnoDB AUTO_INCREMENT=8 DEFAULT CHARSET=utf8;

--
-- Dumping data for table `fadb_follow_author`
--

INSERT INTO `fadb_follow_author` (`id_fa`, `id_author_fk`, `id_author_f_fk`) VALUES
(4, 1, 2),
(7, 1, 4);

-- --------------------------------------------------------

--
-- Table structure for table `fadb_follow_category`
--

DROP TABLE IF EXISTS `fadb_follow_category`;
CREATE TABLE IF NOT EXISTS `fadb_follow_category` (
  `id_fc` int(11) NOT NULL AUTO_INCREMENT,
  `id_author_fk` int(11) NOT NULL,
  `id_cate_fk` int(11) NOT NULL,
  PRIMARY KEY (`id_fc`),
  KEY `id_author_fk` (`id_author_fk`),
  KEY `id_cate_fk` (`id_cate_fk`)
) ENGINE=InnoDB AUTO_INCREMENT=11 DEFAULT CHARSET=utf8;

--
-- Dumping data for table `fadb_follow_category`
--

INSERT INTO `fadb_follow_category` (`id_fc`, `id_author_fk`, `id_cate_fk`) VALUES
(8, 1, 1),
(10, 1, 2);

-- --------------------------------------------------------

--
-- Table structure for table `fadb_op_site`
--

DROP TABLE IF EXISTS `fadb_op_site`;
CREATE TABLE IF NOT EXISTS `fadb_op_site` (
  `id` int(11) NOT NULL AUTO_INCREMENT,
  `web_title` varchar(255) CHARACTER SET utf8 COLLATE utf8_general_ci NOT NULL,
  `phone` varchar(255) CHARACTER SET utf8 COLLATE utf8_general_ci NOT NULL,
  `email` varchar(100) NOT NULL,
  `phone2` varchar(20) CHARACTER SET utf8 COLLATE utf8_general_ci NOT NULL,
  `instagram` varchar(255) NOT NULL,
  `about` text NOT NULL,
  `mini_about` text NOT NULL,
  `keyword` varchar(255) NOT NULL,
  `header` varchar(55) NOT NULL,
  `logo` varchar(55) NOT NULL,
  PRIMARY KEY (`id`)
) ENGINE=InnoDB AUTO_INCREMENT=2 DEFAULT CHARSET=utf8;

--
-- Dumping data for table `fadb_op_site`
--

INSERT INTO `fadb_op_site` (`id`, `web_title`, `phone`, `email`, `phone2`, `instagram`, `about`, `mini_about`, `keyword`, `header`, `logo`) VALUES
(1, 'فاریزە', '07503364175', 'bilal.m.saed@gmail.com', '07503364175', 'https://www.instagram.com/', 'شوێنێک بۆ نوسین', 'شوێنێک بۆ نوسین', 'شوێنێک بۆ نوسین', 'header.jpeg', 'logo.png');

--
-- Constraints for dumped tables
--

--
-- Constraints for table `fadb_article`
--
ALTER TABLE `fadb_article`
  ADD CONSTRAINT `fadb_article_ibfk_1` FOREIGN KEY (`id_author_fk`) REFERENCES `fadb_author` (`id_author`) ON DELETE CASCADE ON UPDATE CASCADE;

--
-- Constraints for table `fadb_article_cate`
--
ALTER TABLE `fadb_article_cate`
  ADD CONSTRAINT `fadb_article_cate_ibfk_1` FOREIGN KEY (`id_article_fk`) REFERENCES `fadb_article` (`id_article`) ON DELETE CASCADE ON UPDATE CASCADE;

--
-- Constraints for table `fadb_follow_author`
--
ALTER TABLE `fadb_follow_author`
  ADD CONSTRAINT `fadb_follow_author_ibfk_1` FOREIGN KEY (`id_author_fk`) REFERENCES `fadb_author` (`id_author`) ON DELETE CASCADE ON UPDATE CASCADE,
  ADD CONSTRAINT `fadb_follow_author_ibfk_2` FOREIGN KEY (`id_author_f_fk`) REFERENCES `fadb_author` (`id_author`) ON DELETE CASCADE ON UPDATE CASCADE;

--
-- Constraints for table `fadb_follow_category`
--
ALTER TABLE `fadb_follow_category`
  ADD CONSTRAINT `fadb_follow_category_ibfk_1` FOREIGN KEY (`id_author_fk`) REFERENCES `fadb_author` (`id_author`) ON DELETE CASCADE ON UPDATE CASCADE,
  ADD CONSTRAINT `fadb_follow_category_ibfk_2` FOREIGN KEY (`id_cate_fk`) REFERENCES `fadb_category` (`idcate`) ON DELETE CASCADE ON UPDATE CASCADE;
COMMIT;

/*!40101 SET CHARACTER_SET_CLIENT=@OLD_CHARACTER_SET_CLIENT */;
/*!40101 SET CHARACTER_SET_RESULTS=@OLD_CHARACTER_SET_RESULTS */;
/*!40101 SET COLLATION_CONNECTION=@OLD_COLLATION_CONNECTION */;
